,SRX1557763,SRX1557764,SRX1557765,SRX1557766,SRX1557767,SRX1557768,SRX1557769,SRX1557770,SRX1557771,SRX3194237,SRX3194238,SRX3194344,SRX3194345,SRX8004307,SRX8004308,SRX8004309,SRX8004310,SRX8004311,SRX8004312,ERX4970836,ERX4970837,ERX4970838,ERX4970839,ERX4970840,ERX4970841,ERX4970842,ERX4970843,ERX4970844,SRX12254438,SRX12254439,SRX12254440,SRX12254441,SRX12254442,SRX12254443,SRX12254444,SRX12254445,SRX12254446,SRX15161609,SRX15161610,SRX15161611,SRX15161612,SRX15161613,SRX15161614,ERX10214052,ERX10214053,ERX10214054,ERX10214058,ERX10214059,ERX10214060
0,0.21987022526153388,-0.6084382587268099,1.7024025684995863,-0.18423264329832545,-1.5560403669778982,-1.2031062221369886,0.7438135701296826,-1.286550831500462,0.5427372613707976,-0.09579445323969868,-41.24162125604218,0.0957944532396926,-41.31389300611403,-0.689324974736693,-0.2536987179039319,0.9430236926406189,8.324347601636873,8.267718716105705,8.095598128534625,-0.8816914446756867,1.8336771354672485,-0.951985690791553,-0.5887483265710877,3.5748247637430093,-2.3539311134368135,-3.5721312963005984,-1.417483634874546,-1.1673669084323826,-2.1255367904022764,1.6407456342557964,0.4847911561464726,12.791895791406036,9.063296460807008,9.537177285990854,11.645134492946212,14.738849619272465,12.134298262635458,3.31635500382558,2.4140876562341465,-50.606043256695486,-54.288781222299455,-0.057718289394894116,0.05771828939489022,-9.894068075352987,-10.331143320528994,-10.01518917854071,0.3991581094872641,0.697233470341443,-1.0963915798287045
1,-4.750690192739429,-4.3669995935779315,-5.1501988287291525,-1.9006328484209392,-3.9434112807629673,-1.8560412723178092,-0.696082591459699,-0.10574679492528301,0.8018293863849665,-0.01394111383525597,-18.85722559999013,0.01394111383527066,-18.732075861449246,-1.5247927863317456,1.2135982441890218,0.31119454214273473,-37.82411703585299,-37.54568394699334,-37.85701420079523,0.6159148122616754,0.08528071850584822,-0.7011955307675194,1.0452939626011528,0.8587086029990364,-0.39884113147535666,1.675477917129344,3.8685403072910187,5.339111445947139,-1.190903666109322,-0.1378785311438078,1.3287821972531342,-0.7508220645272364,2.838947820109674,-1.3336941410281675,-0.5869066207364955,-4.491963815732822,-3.137926225956869,1.8807978948405941,-4.4227405018249675,-14.881542905148015,-13.254735143594935,-0.3039017664745203,0.3039017664745199,9.15012694450505,9.906838906336501,9.096263265753006,-0.19490000283665598,0.031069117077251348,0.1638308857594102
2,-0.7123555224212071,-2.2132105245804468,0.019861286739147947,-0.9828933466005325,-3.0624278479191314,-1.6378113079803058,0.5276555775165732,-1.032744644203921,0.5050890666873389,-0.15004708282916077,8.726158813378124,0.15004708282914703,8.507669878300556,0.3907717460106326,-1.568171263866824,1.1773995178561922,2.7411897599296307,-0.7776271095006984,0.3872090097748018,0.437141538358568,1.2948971513752274,-1.732038689733794,-3.040055921016314,4.415480197486577,-22.36300014734064,-24.651208738582408,-22.478960477057527,-17.673948963790373,0.6766393558675209,-0.23729746340333396,-0.4393418924641863,0.01573799481446504,0.7218257975091489,0.2606223474477566,1.83092919599031,0.7467259850421057,2.0888493808657365,0.1334713681415827,-0.7771319313071142,4.062077314288644,2.606405018518854,-0.5098012073670097,0.5098012073670095,7.719061348582979,8.48667197308141,7.542585658006572,0.07741377397843019,1.142936245029204,-1.220350019007638
3,1.0789232498334542,0.8779049656759217,1.3989003926327959,2.3855941839305506,0.9636034972059345,0.8309642235714475,0.6510175488767047,0.008575541017024279,-0.6595930898937141,-0.07355280277461342,-0.08987586439929167,0.07355280277461194,0.02445141926809888,0.5469351454112614,-1.7250911466448722,1.1781560012336127,3.447252142384502,2.5767429841790204,3.3221771444335677,-0.3539882833696214,0.7500263074933844,-0.3960380241237618,-1.4474280378173094,0.627585205674404,-4.113845257520412,-2.0212775221400303,-3.071399060118295,-1.5950486398205737,1.5508229491326933,0.0783648234164596,-1.629187772549157,-5.082332434863177,-5.110374963112346,-5.251697331026261,3.1172696069961705,-0.6341369035365755,1.3361488632819813,-7.312900521722163,-3.7306935258060117,27.496310170728393,-0.47752218459325213,1.0885208713303445,-1.0885208713303436,-9.55841006879082,-8.934266841684472,-8.589388498742125,0.2055301142626711,0.44510556441488314,-0.6506356786775556
4,1.9651642686762973,1.5584973290625823,2.5160570111834315,1.4226487125685374,0.8166965636974702,1.7576337149638905,0.4493509527646972,-0.26432255700377405,-0.18502839576091387,-0.2469319905479016,3.0657806642316006,0.24693199054789863,2.229369087676659,1.1983279218153249,-0.7937169796215674,-0.4046109421937548,0.9770126534772466,0.5525008171601932,-1.082578356467893,-0.557005390640013,0.2634159249376232,0.2935894657023929,-0.515611582449189,-0.05380060512825433,-0.2460786185845128,-0.48206998930725026,0.18186615818222066,-1.1006161542181185,-8.442294162490708,3.363114629753108,5.079179532737595,0.9030993401977279,3.985376640672621,-2.661041808646627,9.9604674099084,0.9825139618075559,-2.4606516779895653,-3.0521845732043493,-0.788276992132232,0.3535238705013691,1.6922192763744404,0.4146191548732202,-0.4146191548732194,1.8920712378907552,2.9830610832048854,0.991065874133892,-0.7105627852452377,-0.156815322181363,0.8673781074266019
5,2.445645720266227,1.7013364115556735,5.576807837606518,6.829963620307248,1.536303856042073,2.5104835654697437,1.1911921177337197,-0.9921349968114527,-0.1990571209222762,0.15987780805676466,7.908744095311037,-0.15987780805678484,7.859522472251282,0.6791311614113907,-1.2593505393363993,0.5802193779250007,-1.969037979690094,-4.331040518368388,-4.844017906955359,0.31000493612788255,-0.12910946290875708,-0.18089547321912472,1.3173680379723955,-0.21861957934457446,3.0654735194397755,-1.740344186971687,-0.3177688589345345,0.7721529863981738,-0.10135241871444224,-0.19184105540526278,0.2931934741197007,-11.411877964418636,-12.065277243650687,-13.177488455111178,-11.03496418608958,-11.13116355232814,-11.738726596238099,48.56275221488149,49.62408509941517,13.405216041265811,12.787759121112355,0.1411344250102312,-0.14113442501023132,-0.2539642068972421,-0.14801110953230043,0.21054831261424853,0.4970698154505989,0.5159487139587722,-1.0130185294093732
6,-1.686766596659024,-1.817049872509967,-2.24666687517914,-1.4105401133620208,-1.5833590071059396,-1.5496616860207735,0.2727623353579396,-0.2431576843863753,-0.02960465097156917,0.006103620141135694,-66.17080186802953,-0.00610362014113809,-65.74221488284545,-0.12382453598910369,-0.20954852428556792,0.3333730602747208,-2.915740369206438,-2.9014037603735097,-2.998802104926193,0.16114014236934565,0.1250939234668566,-0.286234065836204,-4.173376928340471,-1.4286918107681859,-5.753539672487255,-4.045907142676186,-4.944587385141143,-2.431855250429131,0.6182644254747903,0.05012914874991469,-0.6683935742247058,-0.45611172164809227,1.295009693552279,-1.8317203682814138,-1.8517649922156851,-4.032012495723024,-3.293480985165555,3.4329138997578066,4.900254247895627,25.484130301406868,24.48800106764113,-0.5974380257470694,0.5974380257470707,3.9909486072981144,5.3901454561252615,4.263855567810327,-0.40208877768236934,0.651426046491853,-0.24933726880947854
7,19.130790827586612,15.762949464749148,22.847150495853853,16.35874956591,8.947801777022438,11.457144942630082,2.06589214337868,-1.6446194193702746,-0.42127272400841326,-0.4221662562710502,4.50539110839258,0.4221662562710503,4.9126132920592855,0.7130740510498321,-0.1362200291271287,-0.5768540219227116,-5.698084969994223,-6.764842905957272,-8.092417804875447,0.1615579250161303,-0.7443730542151532,0.5828151291990172,7.8707852914061185,0.9553737925496927,11.424898309710377,4.48629334512203,3.314339977358539,2.942609578345468,-0.6148679924780146,-0.15877237280854062,0.773640365286562,0.5523148679513177,1.2137169220880695,3.3611478317339465,-1.7354228986548774,0.4914073325554076,0.762369788854643,-6.770724442854361,-10.118511229630059,12.30410554729543,13.036116931666406,0.104368008010544,-0.10436800801054437,-7.58628717381321,-7.299274823157819,-7.245720071048671,0.438445791867394,-1.339137674943011,0.9006918830756157
8,-1.9611844273185506,-2.1506007138246814,-1.4115067737536782,-4.199322126844107,-4.967719163231606,-4.35587175214166,0.9952599305568677,-0.6507917860584215,-0.34446814449842683,0.014476180427524729,10.108416887688108,-0.014476180427528275,9.456259705942024,9.365799975568732,-21.097316208758702,11.73151623318996,7.5124589339436,-20.068547240518015,-20.981905043136663,0.7724677408840616,0.46479363607605395,-1.2372613769601153,6.867259795982557,1.8478670205616465,11.19144773514977,-0.7892701804557433,0.4844869063137373,0.58521007863464,1.2499524048543165,-0.9252584337870567,-0.32469397106726056,4.601413118963005,4.828045579243111,3.6571123626165325,5.898933555765743,6.62318911517665,5.379427199536098,12.361751292851388,11.76966719383981,6.865456267886173,9.160109159019532,0.007243653078651012,-0.00724365307865078,-2.159410064182452,-1.724742989413882,-1.8903352260029362,0.5100309400355371,0.35064205862102144,-0.8606729986565611
9,0.7687435217730296,1.9105682440276834,1.0473707859822943,-0.9671936244675272,2.2748246975997235,0.10246910365074219,0.6543182762992064,0.0741863798328933,-0.7285046561321125,-0.2303097640738576,-1.3593211974143045,0.23030976407386292,-1.7901460328174474,-0.38540681268902255,0.9365360840855388,-0.5511292713965183,-1.1836071505196544,-1.7790645923207982,-2.0223693224528265,-0.16439717262787576,-3.427246860143778,3.591644032771654,-2.9833982347851533,-5.255826416463262,-0.6750250441701976,-3.872851454406245,-8.077386030327942,-21.69047147955319,0.493854972272355,-0.6475684160648356,0.153713443792482,-1.9673403557168434,-3.5971480833433622,-0.544081105080962,-1.5346497970378297,-0.47879452810581435,-1.0245330969661777,-3.8882897852575526,-5.480100772303892,3.982353143793154,2.906404916979773,0.02464468845992489,-0.024644688459925526,-8.90615513476284,-9.936278343035813,-9.815173272255388,-0.420245536546781,0.39150497513508364,0.028740561411696817
10,0.30554713697748304,-0.36845678826992223,0.4761890183809567,0.3385961203749419,0.019978085068404858,0.19123127274043572,-0.10383292179478745,0.11977742855603617,-0.015944506761249196,-0.42822837560157456,4.552679309243584,0.42822837560157173,4.153238954562068,0.9991422655824429,-0.12241629398203384,-0.8767259716004016,-1.6584209674247699,-4.051651585313417,-3.439940904337163,0.1285318558969699,-0.10387481632073556,-0.024657039576230427,1.2895367755984006,-0.7297853772444728,2.4801548347498334,1.3411915658685691,0.9334780744758937,-1.8689822601922017,-4.012554185226135,4.541765621763473,-0.5292114365373463,9.051712065652024,6.540686880099568,-4.118074750809777,-3.7134749205503446,2.643347825249633,9.192641558042963,-1.0887347685428543,-0.36095448114205964,5.786470640425214,7.0512650814051545,-0.3642401521477313,0.3642401521477314,4.471513230901492,3.3458967446611614,3.956447625561311,0.9450947252935774,-1.734167442391758,0.7890727170981809
11,0.02035562538785841,0.10230832284636734,0.896565437011393,2.655778757334902,0.9743759725413326,3.1207027478113485,-0.45785871174876414,0.2686710707785483,0.18918764097022095,-0.2674117238337547,-0.6451066829730553,0.2674117238337488,0.253486173003878,-0.10542913107731083,0.1637660521782439,-0.058336921100916525,-7.612471628133205,-6.93241775311519,-6.8207870099428565,0.028918918464737767,-1.2445849076883233,1.215665989223589,1.7237241799439735,-0.9411541254024596,2.1951672025688707,-2.515137277927619,-2.8191000799051853,-2.3142355616728456,-2.7112931371967623,1.21667067352287,1.494622463673898,21.452437287560816,28.581510834211677,19.833421675519077,-18.142773717238857,-18.164901665860892,-18.80285563462913,4.434971907725011,-3.108226266074932,6.933449392027535,6.784934051376871,-0.2788670234282988,0.27886702342829905,10.562321964134048,10.499420321886278,10.459817713621801,-0.6641682672952791,0.06983285907295744,0.5943354082223196
12,0.37455553147869686,0.2101452263918567,-0.6136057323888487,-0.16923895680660647,0.5905182936032416,-0.2639163442712707,-0.03587472199917814,0.0433919754599514,-0.007517253460779441,0.0250095507589654,-1.1569708467778448,-0.025009550758972012,-0.7388604098628843,-0.022155276321333052,-0.13770642618423673,0.15986170250557152,-0.16713314053464207,1.0023324817397405,0.38286962904867883,0.12087514001888447,-0.34882043277661057,0.22794529275772366,-0.805122793143266,0.6697772060741214,-0.4192173839970947,0.5913569365937428,0.6232342985613972,0.6151685128689188,-0.49373214106983854,-0.9708328824117864,1.464565023481627,2.63091905918484,-0.41688770928333496,1.755941685696654,-1.6159194352314017,0.042453162142082765,1.2192048965552247,-1.0477622095780772,-0.005446997947496932,1.790979909303962,3.2552574831464365,10.708450100700833,-10.708450100700839,0.5895373160245568,0.9673419176161359,0.385787295622426,-0.0158543942828628,1.1259044981724466,-1.1100501038895867
13,-2.002594703221225,-1.7734262958140539,-2.4076212911416035,-1.569080152730014,-0.31186409696075684,-1.3053400329587899,-0.7429453342904072,0.41347702784178375,0.3294683064486161,0.30081475247173844,-1.0863777254584774,-0.30081475247173634,-1.4979633050230785,-0.31378612430583375,0.22395068335993096,0.08983544094589785,0.656306959277568,2.23766498278657,2.2601029936467394,0.028083364459363335,-0.12281336043003767,0.09472999597067328,-0.06982694081439936,0.015540030562709709,-1.3516435421546191,-1.050079161187355,-0.17965921105415966,0.1073728272606322,-0.5357789764567922,0.5090766386326863,0.02670233782410458,0.4566266385586022,-0.24161923525706705,1.5807621104314364,2.0831288291537122,0.3279122242430569,1.7062442409451961,2.376438712823956,1.6671242052363417,-2.3940249736840618,-1.417083880063316,-0.01660176531831786,0.01660176531831707,-2.008298880523764,-0.3264633523109599,-0.2310530806322725,0.8015062736384767,-15.551171617493475,14.749665343855002
14,-0.46455838057478943,-1.055695450627393,-0.5861043575465478,-1.326255030826029,-0.5163631252250497,-1.868462394491533,-0.297125902683943,0.3859911195096817,-0.08886521682573476,9.345196545554145,8.808070608761035,-9.345196545554138,-7.20391515095088,-0.3713554348775822,0.9360515230317096,-0.5646960881541276,0.8365626420079103,1.232869701675579,1.6036922455040168,0.2219436962597346,-0.057243448933068805,-0.16470024732665997,-0.4699421202432832,1.1125129999658807,0.08223390724675433,0.9123853453031717,0.2946977361784521,0.665903532086874,-0.3483131621515105,0.1731067835690273,0.17520637858248958,1.5113335741027327,1.0940691563240827,1.1708016121397475,2.3494617762660965,2.2996370320188255,2.7403827010304775,1.342530819349533,0.773418991265521,0.9159384830132374,1.9227183332211846,0.5639541373206653,-0.5639541373206655,-1.4700986142362549,-2.398495214298306,-1.588305477942067,0.2599768277618788,-0.269238625077337,0.009261797315456491
15,0.5878760712866673,-0.001160752030687482,0.7264107683894367,0.6651134155455566,-0.07294235095483552,0.19764810944857583,0.15517777350355236,-0.46331797578822814,0.30814020228467304,-0.10394702805911062,-1.8968726437878463,0.10394702805911243,-1.3013638074081306,-0.12192178145604605,-0.4337784065008482,0.5557001879568871,-1.7533133941844432,-0.5986779619617955,-1.57163332541869,0.5091956630459095,0.3043816033802825,-0.8135772664261897,1.6485815844402476,-0.34444342568184083,1.6877601503742816,0.4772789489053488,0.14777137823085817,0.14501854375423837,-0.9844984316438625,1.4081326328696457,-0.4236342012257821,0.666679719365192,1.0406472911356688,2.266309428785302,0.399343823220096,0.9570585365294667,2.0330361391968426,3.16437515032894,2.71075693606138,4.193740457684163,4.220951555346988,-0.17302363560647635,0.17302363560647652,3.5003957979226716,-4.640266734052448,4.420355594973748,-18.535694026629915,8.82382242806603,9.711871598563905
16,-10.2220255254465,-15.642127040886919,7.878193628958105,-0.16926586444695707,-5.130544588634382,8.189644836337472,-1.0161366902034024,0.3695899149543094,0.646546775249093,-0.5357737013958461,1.1995371371147803,0.5357737013958525,2.0405565542367246,-0.5371279966679097,1.2512840307687734,-0.714156034100857,-0.5752221906873061,1.2693497056454706,0.5798003758452047,0.010256038583332652,-0.18839234249811743,0.17813630391478294,-0.4983477295711867,-1.0167781307921593,0.27677037297355883,0.8524864822512412,-0.7650768792587372,-1.3618568989004691,-0.080980816027781,-0.1600214173677311,0.24100223339551496,-4.190065834724312,-3.0904531173995338,-2.35145016141532,-4.697995204092606,-3.0496351279565825,-3.486760746804892,-4.958945826763065,-5.73305385237224,0.500110345100937,0.015111907517915343,0.2393795107894377,-0.2393795107894377,0.3759746686766969,0.6251137621793037,0.5467895269292186,0.5908940307858148,-0.9615528680890276,0.3706588373032153
17,-0.660078979675626,-1.0331512162832608,-0.9174869041164357,-0.8659491385014492,-0.928061822649771,-1.1125102176166302,-0.5720146222670642,0.24279323880177173,0.3292213834652577,0.49693590157834905,1.7709640338757608,-0.49693590157832823,2.116444301316367,-8.038699748845382,0.9675544930549713,7.071145255790437,2.1015528443366662,-1.032526992148818,-1.605558841047102,0.8661867058058299,-0.4500068335702471,-0.4161798722355806,2.2727256443332906,-0.6263431915080984,3.1325696415169135,-0.023875189354896503,0.7867496799013667,1.0440523895638532,-0.4860475622987105,-0.24290460450896234,0.7289521668076727,-0.8147303881334836,-0.6975985557175359,-1.9031102509125446,-0.4947678052769635,-0.6197335803932004,-0.30714419874338794,-0.7524429118090886,0.5687943132076837,0.4487127432107435,0.9405082843081196,-0.7471572536131897,0.7471572536131891,0.6299181880415683,0.33772154810136645,-0.7245508857362659,0.53252103640216,-0.07902804548995798,-0.45349299091220385
18,0.7386828979148894,0.3863096426376194,-0.5582845008733929,0.3900601144383596,1.2925854718908518,-0.08893481449190009,0.003026924184324018,-0.10489442456377503,0.1018675003794512,-0.129774877918593,0.7081446392715677,0.12977487791859926,1.1165236896978772,0.5207112018038655,-0.5563957439921048,0.03568454218824328,-1.2709612463071804,-2.3906713822211483,-2.4929937287821464,3.4247837855687107,6.535521402023665,-9.960305187592377,5.673349430739661,-1.028210460309221,7.117452199888312,4.580608479311659,2.385899787719927,-4.6655263019142375,-0.05765783829848045,-0.24734506608004392,0.3050029043785239,-0.011793337545855521,1.9227911449290724,1.9688089249101202,0.4138441165381109,1.5216509873236947,0.23605627596415055,3.578070042902922,1.875580228059528,3.9467601672749115,4.940517155648039,0.4418363380806421,-0.4418363380806425,1.022829975181231,1.3061630959463566,0.24440569795323325,1.287042583995255,-1.3551928670737565,0.06815028307849771
19,0.6643384354156875,0.2244012493513501,0.7653043146305046,0.6494165362346155,0.5566304389119112,0.9566820459936237,0.5308922502245743,-0.38644489106600977,-0.1444473591585561,0.060622571615549015,-1.7002125092005835,-0.06062257161555409,-2.69482368978463,0.5901955546976075,-0.15388729045746552,-0.436308264240139,-1.3032200735032495,-0.8213379556241251,-1.5966696468119717,-0.04060481147937642,0.47352909568230467,-0.43292428420291734,0.7227203510439688,-0.8677628123871689,3.1525555597363475,-10.822876073349471,11.013347988734449,0.16292552573216987,0.8292603373232565,-0.06898222546846428,-0.7602781118547891,-0.5139890095997249,-2.6392273833589366,-1.138667111414188,-0.8468103069379174,-0.6239828096227411,-1.5010329394208595,-1.495583082457729,-2.1378442508339113,2.723788250583778,3.308058637958496,0.17268115638283926,-0.17268115638283915,0.21221503478579481,-1.4068645936140367,0.47209917310121313,0.5016213869389352,-0.7058525118775569,0.204231124938628
20,-1.711078289193582,-0.844163144515578,2.7882507893029094,25.402064435179824,12.689107345265008,6.366068639186363,1.2186582376363646,-1.4447638161256657,0.22610557848929894,0.3224229378437725,-4.350530119820074,-0.322422937843778,-3.8602542738369707,-0.3195415335871449,0.4159727249376282,-0.09643119135049229,7.290909165488722,8.458406143518218,8.146023166841012,0.5613585902059511,-0.2490739447154487,-0.3122846454905071,-5.842080899935325,-1.9883945023478466,-9.476298486694418,-2.587461290619005,-3.574158843305579,-3.0331814374638055,1.9264769130010224,-0.5039510071439764,-1.4225259058570479,-4.839569033017343,-6.099334194290201,-4.400693885207607,4.910018020561004,1.9907409893358945,3.8033448316939875,-14.320429420230802,-10.683364597676537,5.772310934029065,1.782453827339287,-0.05561937434656874,0.05561937434656774,-9.958972217761234,-9.895797884863729,-9.51588215859012,0.0540897327981191,0.4605974788524584,-0.5146872116505794
21,0.31184797987399193,0.14423228529014362,-0.4332545741689627,-0.8987110110487339,-0.2864983336129333,0.4607913118255553,-0.6781201173231942,0.3748968519104973,0.303223265412708,0.3464179554547686,2.1108923092221845,-0.3464179554547707,2.0078433718052264,-0.38813128454658036,0.6901514796911404,-0.3020201951445555,-1.7101534981889677,-2.7535931847002364,-3.071419398400075,-0.7258158271395975,0.3069327122321543,0.4188831149074463,0.6588556062446577,3.203702421732497,2.5551839735763497,2.0982003185504317,3.4175036547764512,3.959971605244123,-2.91123560617942,0.9826548694445938,1.9285807367348289,-2.7578470179809527,-1.8315535876364957,-1.461953210316621,-2.5097248954828957,-2.5213736056856675,-1.8459832545636468,20.256054467393334,-5.081008293843928,5.501171341276728,4.480237220697474,0.04599847110265911,-0.04599847110265851,-0.8519141012636317,0.04493939906242285,-0.4354104707626831,0.1328584486276767,0.43871479895780463,-0.5715732475854811
22,-0.9873380601625934,-0.9087945919196356,0.48871493651204984,-1.343499552374154,-0.9209320205528843,-0.9152697878434938,-0.3391205979770958,0.3395635728081279,-0.00044297483104035015,0.2816320216975134,3.592203641075111,-0.28163202169750645,4.06516405388258,-2.1505464801377134,6.41348768832138,-4.2629412081836655,-1.3010351607259265,-13.63176904704577,-9.975387507418109,0.26634389475560455,-0.03206266285599579,-0.23428123189961336,2.113711134865905,1.6098927640624572,3.810888142241848,1.2437042619207754,2.654680423298887,3.672562116909471,0.2615875433073063,0.03652790146424262,-0.2981154447715454,-0.6888698633285592,2.297199060229539,2.0562702622725477,1.6222863602486126,-0.4098260462529753,-0.09455521036821012,-0.8193803975362255,0.5652153348743791,5.401902945551691,5.41729764230433,0.2864659478146339,-0.2864659478146327,1.255965119905007,0.8085513454717318,3.0803732896403675,-1.2634350509483165,-0.0038052786320181132,1.267240329580339
23,-0.5827693047985608,0.8920243799877426,-1.0321793578563314,-1.6170582846844854,0.08694476496704491,0.5119102101848381,-0.09637534449584313,-0.16391947120691308,0.2602948157027574,-0.06246548950903356,-0.14636958261691999,0.06246548950903357,0.6349266402541129,-0.13895680342819205,0.9754017549961924,-0.8364449515680041,-1.6988117832348109,-1.7004249947372683,-3.0595144979687108,-0.470735660513831,-0.047106036109641244,0.5178416966234696,-1.1578932604184613,-4.583574536080663,-0.889514117242816,-1.3489341669901729,-0.029049395373959796,-0.7941660177540274,-6.629466255045225,2.380330056988422,4.249136198056803,0.6745515543004554,0.5192129556190417,10.75925197919495,-11.85788853671076,7.2340931698321915,-1.4239916014229033,-8.366666767224642,-7.7639528074448725,5.368596544624094,5.219893362131615,-0.5814441864227732,0.5814441864227745,-4.815808246702936,-2.909208608791155,-6.4952471006721355,1.2877801254870314,-1.45606597141448,0.1682858459274479
24,-1.8665456451921605,-1.3387345923442655,-0.6221688529750189,-1.9335302243129393,-1.1914904678293416,-0.7216236799174041,0.09764105521294696,-0.24887263944100863,0.15123158422806957,-0.489944300218399,2.8751137844119166,0.489944300218406,4.477329078490009,1.171092797847062,-1.3595746152957942,0.18848181744872472,0.08107074623300942,-0.01955563295488568,-2.039840883847492,-0.1215821332898339,0.7381853775447031,-0.6166032442548747,-3.950569002101328,-5.054623729970344,7.190279219416143,-15.991427931919624,-17.266804620170316,-8.389356791170746,0.6930479059622485,0.03170790822592761,-0.7247558141881771,2.188928719077343,2.7833990030938316,1.348938499241485,4.144394595816157,3.535476642434842,4.513469948213133,1.428320926792573,3.083672800434593,4.528730396982877,3.797283094984469,0.6249713914938001,-0.6249713914937994,-0.4599616234473929,-0.7110860817605682,-0.48480398251198303,-0.17724361963272442,-0.5174908769012041,0.6947344965339295
25,1.472555588268831,1.2582716447433335,1.3058567014840499,1.368282287894889,1.0494092652474667,1.0364566237967592,-0.1208064008318922,0.3384683558043379,-0.21766195497245283,-0.18518608931648772,1.818767002457429,0.18518608931648753,3.084772142806656,-0.7637595569678615,1.5689248700879856,-0.8051653131201246,-2.1965306454069213,-1.0195654080147525,-0.5416606833492194,-0.35773998803705404,-0.25110888611953347,0.6088488741565863,-1.0673881847865712,-1.1246918593346056,-0.5949124034261608,1.1378468361327279,-0.2757381509213054,0.5592769855059982,1.0237341934769795,0.7230415032607207,-1.7467756967377024,5.211809023435612,-0.24909504381507183,-3.2818347871257285,-5.502474914292487,7.889196671414645,-8.69547036988271,5.374766437379213,-1.1574330516958937,3.511541489347894,4.9152817192611495,0.4906103945228646,-0.4906103945228636,-2.2228764471345324,-3.4075037097702663,-1.8385927890870364,-0.11068029322358974,-0.22566598778488178,0.3363462810084735
26,-0.5721376776576274,14.570829427187897,12.720048576332116,-4.540603038367874,-5.448717466045771,12.371010883349832,1.0913367274304249,-1.1703622156501121,0.07902548821970039,-0.34506628188734756,-0.4484256295288385,0.3450662818873439,0.06416926598966882,0.5994410842397407,-1.0633904666783869,0.46394938243864076,-0.25008885477958787,-2.1963384895685585,-1.9047665636917572,1.825064864587084,0.22890685098437827,-2.053971715571456,1.8409886728767553,0.7293218983582801,2.5838222018424517,-0.8517957791005395,-1.254185091857876,-2.0287293624693814,0.45804635593054593,0.23089946910583606,-0.6889458250363828,0.8253353308888092,1.7140017723364216,0.7880330631096716,0.8080227694318256,1.777286162417321,1.6688699567196263,1.5910221055087326,0.9835290109987507,4.084628871209338,1.867586383048698,0.3093681268968814,-0.30936812689688076,0.04081508720802118,0.27241658335292235,0.40929245552057014,-0.09946087248523931,-0.07992864705036426,0.17938951953560195
27,24.81603998108657,28.69315506928047,21.176505857299503,21.087177214285887,28.449725689142838,28.813969975302943,-3.475528384263807,3.1405692133746697,0.33495917088910176,0.06848873312613128,1.7211505817773505,-0.06848873312611994,2.437740433536708,-0.34599998835304424,0.9068611570855449,-0.5608611687324965,3.5529182944131468,5.6343427130545765,5.571113571310149,0.28437341812841677,-0.0037247520837739756,-0.28064866604464705,-2.974282412058991,-0.27141846024270255,-5.76120108274539,-2.711721503940975,-2.9825927301840367,-1.3519040266369386,0.7827795994556439,-0.2739171802503089,-0.5088624192053299,0.46447083541173867,-0.06801747470947761,-0.8069149153956512,-1.2482427805034455,-1.9294019684436907,-1.4717630889121667,1.616301869203268,3.4470355800308594,-1.7413969873262338,-1.9061725125748854,0.08658391550040478,-0.0865839155004036,0.9086749801771186,1.4201079470328362,1.2986715890738758,-0.40243981589259414,0.26509114432380854,0.13734867156878472
28,-0.17183652874722422,-0.06803945194876261,-0.8723939859452143,-0.7136898490146406,0.34553950638587616,-0.37855739034000435,0.10297744032924781,0.285511275672635,-0.3884887160018765,-0.6361753583655984,-0.43899595532104074,0.6361753583655939,-1.8717683380192278,-0.8625587214897312,2.8792989447760804,-2.0167402232863463,-0.7587452966427257,4.999091164381835,-10.8873337091925,-0.6813292462052606,-0.14159947301694742,0.8229287192222094,1.3321453402544312,0.6940364396997551,-0.14082551893843312,0.6748978762393293,0.7052670556062339,0.6772448758712728,1.810815028898755,-0.410791639825338,-1.4000233890734202,1.355666383331267,4.552913703920126,2.5898444880900153,1.2295168781348207,1.6614094136409896,0.5310740756888159,1.6843357954350302,0.5015817128769217,3.716383739197782,3.050594866305711,0.29898257026277325,-0.2989825702627735,-1.114686509618744,-0.8094641298680249,-1.783223673624711,1.38709728229728,-1.2883480842369186,-0.09874919806036311
29,-1.1042257901149322,-0.937159438571662,-5.60236045930497,-2.781485493211091,-3.117485552326559,-1.9836478123328944,-2.3382454388856813,9.310302700519964,-6.972057261634295,-0.10262096425938355,-5.982540253860761,0.10262096425939186,-5.814251045937668,-0.9104869511532292,0.9093659447288523,0.0011210064243817174,-0.2572545614727323,1.6183745837502037,1.371928094577466,-0.612262088237401,0.970451625444948,-0.35818953720754826,-2.6675749780841183,-1.4869840745673242,-4.681915166624769,-0.4901548686117014,0.09489591931912558,1.3561535918665033,-0.42113815049498604,0.44103237755047625,-0.019894227055490946,0.2906628359333103,0.6221519896862271,0.7491235785928828,0.2020174903168116,-0.7770150621526376,0.33764109293577754,-0.9022823969243777,-0.6548241203531365,-6.491043609568303,-5.365891133381057,0.1187793072213079,-0.11877930722130772,0.21783434231548227,0.16356471102562897,1.2624898465281509,0.3152694123281083,-0.2739564261572114,-0.04131298617089169
30,-0.2921822369777958,0.3094392319563124,-0.24457680157852849,0.15345928285436264,-0.24644049570661541,-0.313523077555322,-0.5077281063837855,0.6527980960717447,-0.14506998968797186,0.6827268112751332,-4.808303930959135,-0.6827268112751281,-5.1645199937205835,-0.34611463657107855,-0.40729513673947,0.7534097733105567,1.2343881293574621,-0.33706796444295656,-0.45625058884074965,-12.923802811088185,9.631592318234508,3.292210492853686,-5.197745253019304,-0.2613020639697294,-7.002243912541933,-0.623035157187923,1.8949472286956395,-2.266888372918947,0.7480945351801228,-0.017194435883705953,-0.7309000992964146,-3.2642985372724502,-4.076285053144557,-3.123075166388145,-1.596134041793192,-2.9115858925494496,-1.8425615579077905,-3.3785197550434565,-2.451863134218447,-2.9102409818998565,-4.4398248442802135,0.09349518372791697,-0.09349518372791894,-1.6346439844889797,-2.7938673147723505,-0.7292249227007913,0.019756784832747162,0.6170622424358246,-0.6368190272685701
31,0.21782015513714367,-0.023169013963999233,0.9940995101417343,0.6979149321190447,0.4169784143027585,0.14273869019344076,0.24832319072019227,-0.3527713404436479,0.10444814972344954,0.5836468854329269,3.09930970880517,-0.5836468854329208,2.498260388864004,0.8976845513853605,-1.1846780671305015,0.2869935157451366,-1.1988327650953063,-2.337504735278309,-2.1333509333367062,0.07943730464043,0.03225691665744609,-0.1116942212978697,-1.3876454183900366,-2.3133657759577604,-1.9483794934770011,-0.23597938449864603,-0.6318011497068865,0.5478196042049472,0.680345961820546,-0.176630660831361,-0.5037153009891873,1.0646914105667145,0.8849854064633856,1.3225775664903283,2.7963535288961303,1.5854189330097133,1.5671009062396646,2.8891564421506115,0.25886651069383715,2.297744568633307,2.8242484663268352,0.4554986139800447,-0.45549861398004526,12.916821084993265,3.831394414002583,-21.125497339375112,-1.9333707100715847,0.06763341963006816,1.8657372904415208
32,0.6336078965706455,0.5232272708799096,0.02451081241156648,-0.32198686784306063,0.18179014125791546,0.2287883334683173,-0.07556403783184293,-0.0938840647230898,0.16944810255492554,0.11863558207907093,0.07531231517410068,-0.11863558207906215,-0.15902204222662303,0.5787952958342099,-0.9219518140931985,0.34315651825898147,0.058889768232564504,-0.565007469120029,-1.0355893013314632,0.13911347818740336,-0.44468241032819056,0.30556893214079295,0.37967559516059274,-0.5607055983760879,0.4673742597101334,0.21384664448212193,0.3009117459934307,0.29180653486352165,-0.1591869526435297,-0.9216119448517557,1.0807988974952825,-1.493625648109084,0.1950919835406765,0.5591587879847599,0.12661428743385603,0.6515427577620935,-0.2372591508154513,0.34775284387143796,-1.0334563166700692,1.5489109543001809,2.01738172719862,0.06720159385368438,-0.06720159385368363,10.091619063283302,-20.521101195159464,4.195297256765467,5.014176700954321,-2.5997563523023106,-2.414420348652017
33,1.042525169803475,0.08445990581115359,0.3006520951503778,0.4592586101432714,0.22853366233768257,0.7193214933931337,-0.16073957132940755,0.19390734464136686,-0.033167773311952316,-0.09853457151004567,0.812313389040044,0.09853457151004072,0.902994038867331,-0.34360253906459887,0.49234425711163465,-0.1487417180470316,-2.2049793525815318,-0.9421234485203015,0.7720694327217242,-0.6516391902891846,-0.6074814241081276,1.2591206143973117,-0.9405344635909603,-0.2097873471659683,-0.519264694945426,-0.8360203149646079,-0.23114141429709284,0.33028240595615277,1.448237282519502,-0.44959643162183427,-0.998640850897673,-10.286902260290574,13.482888198218161,1.522404674873688,-0.5684612463912615,3.078635673236557,2.442327278777965,1.2828142487001748,1.2333092166904214,1.060532332168379,1.5444700507119844,1.3553854736999194,-1.3553854736999194,2.602485764724421,3.607201422421416,2.6478678346074287,-0.9255986965705914,-0.05082709027175252,0.9764257868423425
34,0.6101261728342995,-0.41779972323078235,1.7775957512697438,0.6454184874143827,-1.533733517430307,-0.6368868817468523,1.3724275505750998,-2.380161738754318,1.0077341881792174,0.14070995647244047,-7.4249587804866835,-0.14070995647244625,-7.193302280236858,-0.014266176761517655,-0.2247832922560363,0.23904946901755586,4.656671884242942,3.987833787209464,4.564093893987337,0.14496645452339801,0.014829019107609804,-0.15979547363100693,-12.059776103298555,-27.338370475867613,-12.806416585613265,-7.047636315342925,-6.877469770484014,-4.443351632261023,0.6084965911886664,0.23334479587642692,-0.841841387065092,0.1490680005174051,-1.2930930849660378,-0.29233761948689485,4.872896255075311,3.5658815419344694,4.179582583912741,2.6556186203984957,1.9114615356002396,2.290233660594722,-3.4522290422225717,0.16579394720497753,-0.16579394720497764,-4.509540696531962,-4.643061630775921,-2.8474505685267792,0.07159895999799415,0.3065237610537635,-0.3781227210517582
35,-1.1756310874775,-1.3194771199317537,-3.6074369753001916,-2.0787303760056908,-2.1070389039079283,0.8357097691670156,-0.8087338605412571,0.4076814251956303,0.4010524353455953,-0.8346476012823785,-15.020845172728679,0.8346476012823859,-12.849683957400796,-1.3918626295813,2.7334361477935065,-1.3415735182122057,-4.6428890737351125,-1.9849119143253224,-3.0666473200693876,-0.34427175553309247,-0.3767506633089733,0.7210224188420585,0.6459412356574329,-1.5765964851012515,-1.796930380179877,-0.7019985546995468,-0.4108459843186435,1.8501181890482297,0.4871384488439685,0.3678050431404505,-0.8549434919844142,-39.15236420162113,-32.9541158422594,-38.41772396464337,-44.88760128237929,-44.58385739202121,-44.586224301582135,-28.283743365419042,-31.06408854466802,-27.75081029369277,-26.380076475326224,0.0876999438383847,-0.0876999438383858,-1.479749917860797,-0.4006386486108454,-1.5925585983157893,-0.4691118407765944,0.41854865771133376,0.05056318306527144
36,-3.282837877867577,-2.1146791712830075,-5.417397335239456,-6.309325006923432,-3.0894392146851484,-2.7727960801532974,-0.7761526816706895,0.8161749261149577,-0.040022244444263305,0.6882234795706816,5.246016700121873,-0.6882234795706834,3.483590430406313,-0.37619663998533576,0.6530795951794803,-0.2768829551941691,5.571195669801227,7.374274245380028,8.878469409921088,0.5544858251066905,0.9533506660337161,-1.5078364911404076,-0.49064636374677023,2.3201136509366043,-2.9110943515887224,1.2316821914161558,2.7973032521691032,5.03346440465615,1.062711957119373,-0.2003120928144949,-0.8623998643048832,2.143875534531884,-0.1377188705731116,-1.9521228140298947,6.9798877595258215,3.1425803167695276,4.776811242007348,3.413645901534181,7.905405760723657,-6.530037624385949,-1.9079283265673794,0.4065624371707263,-0.4065624371707287,-48.99082536065141,-47.80020186249924,-47.18350594923224,0.12527792229430568,1.8985857281323635,-2.0238636504266636
37,0.5672520627577609,-0.4539531945295716,-0.31864199665544,0.002521628010347586,-0.16190366903588133,0.34219854244338943,0.16237343598650225,-0.16413208597414156,0.0017586499876411632,-0.18717781547391882,3.776951539244218,0.1871778154739221,3.5056757099319324,0.3264654286805944,-0.8350479082111415,0.5085824795305459,-0.3423614452370051,-0.4381636551968463,-0.7101289074340486,0.28371151929538635,-0.039946172877599724,-0.24376534641778427,0.08704119699751493,0.5551688171539013,0.6563777956041539,-0.4755587887820438,-0.6502126833731219,-0.4608038357324405,-0.8907341657464272,9.878867129083565,-8.988132963337131,-2.800189894474174,-1.895160076963176,2.1524068132411958,2.707546731207322,-1.689786449065915,-0.021092720948762952,-0.7120017221527152,-1.7393254899290953,-0.37655984084199756,0.06654115188488606,0.8089808999492748,-0.8089808999492754,0.1790090766709553,-0.12364426729237626,-0.6623163520018961,1.7243743895629635,-0.8410028083142581,-0.8833715812487065
38,-6.697095201468631,-9.341042452755355,-7.211053240982347,-1.1372708767780582,0.6044146612043404,-3.260844432295448,-0.6037353032540937,0.8760405375419829,-0.27230523428787823,0.3282223190200046,4.871739772107594,-0.32822231901999577,4.448381834679603,-0.059360938666657814,1.1657773953533108,-1.10641645668666,-0.004281172230732802,1.8027051944631804,1.851603793930057,-4.399475439332884,-0.013798882630220973,4.413274321963102,28.986153496141924,-4.771338722588706,27.258932882261195,3.348445170331015,0.19363872517207492,1.5563685789169852,0.16534359629584866,-0.044095324870580516,-0.12124827142526914,3.957264494559854,3.841832282712137,4.17543538009859,6.0122873532158625,5.582175618597387,5.489131481768158,6.809651979002536,6.203604019565821,1.62403679760492,3.4058747011320922,0.016369775543772017,-0.01636977554377101,12.140490713730928,8.634368057616365,9.293759999546474,-0.0767001452669952,-2.3890147010479463,2.4657148463149436
39,15.9101752402907,15.524208450163947,15.90138777105308,14.060104078544512,14.96846104191455,15.655475840632985,13.122817317300054,-5.429118295907171,-7.693699021392872,-0.3618422680372192,-1.2319391043992436,0.3618422680372153,-0.6355571805100738,-0.2594375489067397,-2.5068737250361072e-08,0.2594375739754783,-3.0943250984084987,-4.122202850763457,-4.179662877472196,0.24153073789538967,0.4363676599900853,-0.6778983978854805,-1.4669185778110003,-0.4944914065026822,0.06673128972632844,0.38058961232637417,-0.32902030905596064,1.1369888382442184,-0.4190092349794427,-0.1641405339102524,0.5831497688897005,2.27188893390756,2.263557142888563,2.1566906870113844,0.577549876906865,1.493826689468448,0.7295772768376048,-1.983139561451808,-2.2923739648952055,2.2331616881801573,1.6918695856147727,0.14104048306583122,-0.1410404830658324,-1.8525451716332615,-1.5962727954428826,-1.1341440989126406,0.2607089014362771,-0.29352558343581275,0.03281668199953633
